"STATION","NAME","DATE","PRCP","TAVG","TMAX","TMIN"
"USW00014734","NEWARK LIBERTY INTERNATIONAL AIRPORT, NJ US","2025-01-01","0.00",,"52","40"
"USW00014734","NEWARK LIBERTY INTERNATIONAL AIRPORT, NJ US","2025-01-02","0.00",,"44","34"
"USW00014734","NEWARK LIBERTY INTERNATIONAL AIRPORT, NJ US","2025-01-03","0.00",,"41","30"
"USW00014734","NEWARK LIBERTY INTERNATIONAL AIRPORT, NJ US","2025-01-04","0.00",,"36","28"
"USW00014734","NEWARK LIBERTY INTERNATIONAL AIRPORT, NJ US","2025-01-05","0.00",,"36","28"
"USW00014734","NEWARK LIBERTY INTERNATIONAL AIRPORT, NJ US","2025-01-06","0.06",,"31","22"
"USW00014734","NEWARK LIBERTY INTERNATIONAL AIRPORT, NJ US","2025-01-07","0.00",,"35","19"
"USW00014734","NEWARK LIBERTY INTERNATIONAL AIRPORT, NJ US","2025-01-08","0.00",,"32","22"
"USW00014734","NEWARK LIBERTY INTERNATIONAL AIRPORT, NJ US","2025-01-09","0.00",,"36","22"
"USW00014734","NEWARK LIBERTY INTERNATIONAL AIRPORT, NJ US","2025-01-10","0.00",,"42","27"
"USW00014734","NEWARK LIBERTY INTERNATIONAL AIRPORT, NJ US","2025-01-11","0.02",,"38","28"
"USW00014734","NEWARK LIBERTY INTERNATIONAL AIRPORT, NJ US","2025-01-12","0.00",,"46","30"
"USW00014734","NEWARK LIBERTY INTERNATIONAL AIRPORT, NJ US","2025-01-13","0.00",,"44","29"
"USW00014734","NEWARK LIBERTY INTERNATIONAL AIRPORT, NJ US","2025-01-14","0.00",,"35","25"
"USW00014734","NEWARK LIBERTY INTERNATIONAL AIRPORT, NJ US","2025-01-15","0.00",,"35","22"
"USW00014734","NEWARK LIBERTY INTERNATIONAL AIRPORT, NJ US","2025-01-16","0.00",,"32","22"
"USW00014734","NEWARK LIBERTY INTERNATIONAL AIRPORT, NJ US","2025-01-17","0.00",,"45","23"
"USW00014734","NEWARK LIBERTY INTERNATIONAL AIRPORT, NJ US","2025-01-18","0.04",,"47","32"
"USW00014734","NEWARK LIBERTY INTERNATIONAL AIRPORT, NJ US","2025-01-19","0.22",,"40","24"
"USW00014734","NEWARK LIBERTY INTERNATIONAL AIRPORT, NJ US","2025-01-20","0.00",,"28","16"
"USW00014734","NEWARK LIBERTY INTERNATIONAL AIRPORT, NJ US","2025-01-21","0.00",,"20","7"
"USW00014734","NEWARK LIBERTY INTERNATIONAL AIRPORT, NJ US","2025-01-22","0.00",,"22","8"
"USW00014734","NEWARK LIBERTY INTERNATIONAL AIRPORT, NJ US","2025-01-23","0.00",,"29","13"
"USW00014734","NEWARK LIBERTY INTERNATIONAL AIRPORT, NJ US","2025-01-24","0.00",,"34","15"
"USW00014734","NEWARK LIBERTY INTERNATIONAL AIRPORT, NJ US","2025-01-25","0.00",,"33","14"
"USW00014734","NEWARK LIBERTY INTERNATIONAL AIRPORT, NJ US","2025-01-26","0.00",,"45","28"
"USW00014734","NEWARK LIBERTY INTERNATIONAL AIRPORT, NJ US","2025-01-27","0.00",,"43","25"
"USW00014734","NEWARK LIBERTY INTERNATIONAL AIRPORT, NJ US","2025-01-28","0.00",,"45","33"
"USW00014734","NEWARK LIBERTY INTERNATIONAL AIRPORT, NJ US","2025-01-29","0.00",,"54","32"
"USW00014734","NEWARK LIBERTY INTERNATIONAL AIRPORT, NJ US","2025-01-30","0.00",,"39","26"
"USW00014734","NEWARK LIBERTY INTERNATIONAL AIRPORT, NJ US","2025-01-31","0.13",,"47","34"
"USW00014734","NEWARK LIBERTY INTERNATIONAL AIRPORT, NJ US","2025-02-01","0.00",,"47","22"
"USW00014734","NEWARK LIBERTY INTERNATIONAL AIRPORT, NJ US","2025-02-02","0.06",,"33","17"
"USW00014734","NEWARK LIBERTY INTERNATIONAL AIRPORT, NJ US","2025-02-03","0.00",,"50","26"
"USW00014734","NEWARK LIBERTY INTERNATIONAL AIRPORT, NJ US","2025-02-04","0.00",,"48","32"
"USW00014734","NEWARK LIBERTY INTERNATIONAL AIRPORT, NJ US","2025-02-05","0.00",,"39","28"
"USW00014734","NEWARK LIBERTY INTERNATIONAL AIRPORT, NJ US","2025-02-06","0.38",,"40","32"
"USW00014734","NEWARK LIBERTY INTERNATIONAL AIRPORT, NJ US","2025-02-07","0.00",,"46","29"
"USW00014734","NEWARK LIBERTY INTERNATIONAL AIRPORT, NJ US","2025-02-08","0.59",,"35","26"
"USW00014734","NEWARK LIBERTY INTERNATIONAL AIRPORT, NJ US","2025-02-09","0.05",,"36","30"
"USW00014734","NEWARK LIBERTY INTERNATIONAL AIRPORT, NJ US","2025-02-10","0.00",,"39","30"
"USW00014734","NEWARK LIBERTY INTERNATIONAL AIRPORT, NJ US","2025-02-11","0.10",,"36","24"
"USW00014734","NEWARK LIBERTY INTERNATIONAL AIRPORT, NJ US","2025-02-12","0.09",,"37","30"
"USW00014734","NEWARK LIBERTY INTERNATIONAL AIRPORT, NJ US","2025-02-13","0.24",,"47","36"
"USW00014734","NEWARK LIBERTY INTERNATIONAL AIRPORT, NJ US","2025-02-14","0.00",,"39","30"
"USW00014734","NEWARK LIBERTY INTERNATIONAL AIRPORT, NJ US","2025-02-15","0.44",,"37","26"
"USW00014734","NEWARK LIBERTY INTERNATIONAL AIRPORT, NJ US","2025-02-16","0.85",,"47","34"
"USW00014734","NEWARK LIBERTY INTERNATIONAL AIRPORT, NJ US","2025-02-17","0.00",,"38","27"
"USW00014734","NEWARK LIBERTY INTERNATIONAL AIRPORT, NJ US","2025-02-18","0.00",,"30","20"
"USW00014734","NEWARK LIBERTY INTERNATIONAL AIRPORT, NJ US","2025-02-19","0.00",,"34","17"
"USW00014734","NEWARK LIBERTY INTERNATIONAL AIRPORT, NJ US","2025-02-20","0.00",,"31","19"
"USW00014734","NEWARK LIBERTY INTERNATIONAL AIRPORT, NJ US","2025-02-21","0.00",,"37","22"
"USW00014734","NEWARK LIBERTY INTERNATIONAL AIRPORT, NJ US","2025-02-22","0.00",,"43","21"
"USW00014734","NEWARK LIBERTY INTERNATIONAL AIRPORT, NJ US","2025-02-23","0.00",,"50","30"
"USW00014734","NEWARK LIBERTY INTERNATIONAL AIRPORT, NJ US","2025-02-24","0.00",,"52","34"
"USW00014734","NEWARK LIBERTY INTERNATIONAL AIRPORT, NJ US","2025-02-25","0.00",,"58","42"
"USW00014734","NEWARK LIBERTY INTERNATIONAL AIRPORT, NJ US","2025-02-26","0.00",,"59","38"
"USW00014734","NEWARK LIBERTY INTERNATIONAL AIRPORT, NJ US","2025-02-27","0.01",,"55","46"
"USW00014734","NEWARK LIBERTY INTERNATIONAL AIRPORT, NJ US","2025-02-28","0.00",,"53","39"
"USW00014734","NEWARK LIBERTY INTERNATIONAL AIRPORT, NJ US","2025-03-01","0.00",,"65","28"
"USW00014734","NEWARK LIBERTY INTERNATIONAL AIRPORT, NJ US","2025-03-02","0.00",,"37","21"
"USW00014734","NEWARK LIBERTY INTERNATIONAL AIRPORT, NJ US","2025-03-03","0.00",,"41","22"
"USW00014734","NEWARK LIBERTY INTERNATIONAL AIRPORT, NJ US","2025-03-04","0.00",,"59","28"
"USW00014734","NEWARK LIBERTY INTERNATIONAL AIRPORT, NJ US","2025-03-05","1.53",,"61","41"
"USW00014734","NEWARK LIBERTY INTERNATIONAL AIRPORT, NJ US","2025-03-06","0.00",,"57","37"
"USW00014734","NEWARK LIBERTY INTERNATIONAL AIRPORT, NJ US","2025-03-07","0.00",,"53","35"
"USW00014734","NEWARK LIBERTY INTERNATIONAL AIRPORT, NJ US","2025-03-08","0.00",,"48","36"
"USW00014734","NEWARK LIBERTY INTERNATIONAL AIRPORT, NJ US","2025-03-09","0.00",,"56","28"
"USW00014734","NEWARK LIBERTY INTERNATIONAL AIRPORT, NJ US","2025-03-10","0.00",,"69","39"
"USW00014734","NEWARK LIBERTY INTERNATIONAL AIRPORT, NJ US","2025-03-11","0.00",,"67","44"
"USW00014734","NEWARK LIBERTY INTERNATIONAL AIRPORT, NJ US","2025-03-12","0.00",,"54","45"
"USW00014734","NEWARK LIBERTY INTERNATIONAL AIRPORT, NJ US","2025-03-13","0.00",,"52","41"
"USW00014734","NEWARK LIBERTY INTERNATIONAL AIRPORT, NJ US","2025-03-14","0.00",,"55","42"
"USW00014734","NEWARK LIBERTY INTERNATIONAL AIRPORT, NJ US","2025-03-15","0.00",,"48","42"
"USW00014734","NEWARK LIBERTY INTERNATIONAL AIRPORT, NJ US","2025-03-16","0.00",,"70","47"
"USW00014734","NEWARK LIBERTY INTERNATIONAL AIRPORT, NJ US","2025-03-17","0.75",,"64","38"
"USW00014734","NEWARK LIBERTY INTERNATIONAL AIRPORT, NJ US","2025-03-18","0.00",,"64","35"
"USW00014734","NEWARK LIBERTY INTERNATIONAL AIRPORT, NJ US","2025-03-19","0.00",,"62","43"
"USW00014734","NEWARK LIBERTY INTERNATIONAL AIRPORT, NJ US","2025-03-20","0.96",,"51","43"
"USW00014734","NEWARK LIBERTY INTERNATIONAL AIRPORT, NJ US","2025-03-21","0.01",,"54","40"
"USW00014734","NEWARK LIBERTY INTERNATIONAL AIRPORT, NJ US","2025-03-22","0.00",,"65","36"
"USW00014734","NEWARK LIBERTY INTERNATIONAL AIRPORT, NJ US","2025-03-23","0.00",,"51","32"
"USW00014734","NEWARK LIBERTY INTERNATIONAL AIRPORT, NJ US","2025-03-24","0.47",,"51","40"
"USW00014734","NEWARK LIBERTY INTERNATIONAL AIRPORT, NJ US","2025-03-25","0.00",,"60","45"
"USW00014734","NEWARK LIBERTY INTERNATIONAL AIRPORT, NJ US","2025-03-26","0.00",,"53","38"
"USW00014734","NEWARK LIBERTY INTERNATIONAL AIRPORT, NJ US","2025-03-27","0.00",,"54","34"
"USW00014734","NEWARK LIBERTY INTERNATIONAL AIRPORT, NJ US","2025-03-28","0.00",,"67","43"
"USW00014734","NEWARK LIBERTY INTERNATIONAL AIRPORT, NJ US","2025-03-29","0.02",,"85","45"
"USW00014734","NEWARK LIBERTY INTERNATIONAL AIRPORT, NJ US","2025-03-30","0.05",,"51","45"
"USW00014734","NEWARK LIBERTY INTERNATIONAL AIRPORT, NJ US","2025-03-31","0.79",,"80","47"
"USW00014734","NEWARK LIBERTY INTERNATIONAL AIRPORT, NJ US","2025-04-01","0.08",,"61","42"
"USW00014734","NEWARK LIBERTY INTERNATIONAL AIRPORT, NJ US","2025-04-02","0.01",,"48","36"
"USW00014734","NEWARK LIBERTY INTERNATIONAL AIRPORT, NJ US","2025-04-03","0.06",,"75","45"
"USW00014734","NEWARK LIBERTY INTERNATIONAL AIRPORT, NJ US","2025-04-04","0.07",,"73","59"
"USW00014734","NEWARK LIBERTY INTERNATIONAL AIRPORT, NJ US","2025-04-05","0.21",,"60","45"
"USW00014734","NEWARK LIBERTY INTERNATIONAL AIRPORT, NJ US","2025-04-06","0.19",,"59","45"
"USW00014734","NEWARK LIBERTY INTERNATIONAL AIRPORT, NJ US","2025-04-07","0.17",,"51","40"
"USW00014734","NEWARK LIBERTY INTERNATIONAL AIRPORT, NJ US","2025-04-08","0.00",,"49","35"
"USW00014734","NEWARK LIBERTY INTERNATIONAL AIRPORT, NJ US","2025-04-09","0.00",,"50","32"
"USW00014734","NEWARK LIBERTY INTERNATIONAL AIRPORT, NJ US","2025-04-10","0.01",,"51","40"
"USW00014734","NEWARK LIBERTY INTERNATIONAL AIRPORT, NJ US","2025-04-11","0.52",,"48","43"
"USW00014734","NEWARK LIBERTY INTERNATIONAL AIRPORT, NJ US","2025-04-12","0.50",,"43","36"
"USW00014734","NEWARK LIBERTY INTERNATIONAL AIRPORT, NJ US","2025-04-13","0.00",,"60","40"
"USW00014734","NEWARK LIBERTY INTERNATIONAL AIRPORT, NJ US","2025-04-14","0.03",,"68","43"
"USW00014734","NEWARK LIBERTY INTERNATIONAL AIRPORT, NJ US","2025-04-15","0.00",,"72","50"
"USW00014734","NEWARK LIBERTY INTERNATIONAL AIRPORT, NJ US","2025-04-16","0.00",,"53","46"
"USW00014734","NEWARK LIBERTY INTERNATIONAL AIRPORT, NJ US","2025-04-17","0.00",,"66","43"
"USW00014734","NEWARK LIBERTY INTERNATIONAL AIRPORT, NJ US","2025-04-18","0.00",,"71","41"
"USW00014734","NEWARK LIBERTY INTERNATIONAL AIRPORT, NJ US","2025-04-19","0.00",,"87","58"
"USW00014734","NEWARK LIBERTY INTERNATIONAL AIRPORT, NJ US","2025-04-20","0.00",,"73","52"
"USW00014734","NEWARK LIBERTY INTERNATIONAL AIRPORT, NJ US","2025-04-21","0.00",,"57","48"
"USW00014734","NEWARK LIBERTY INTERNATIONAL AIRPORT, NJ US","2025-04-22","0.00",,"83","51"
"USW00014734","NEWARK LIBERTY INTERNATIONAL AIRPORT, NJ US","2025-04-23","0.00",,"76","56"
"USW00014734","NEWARK LIBERTY INTERNATIONAL AIRPORT, NJ US","2025-04-24","0.00",,"78","54"
"USW00014734","NEWARK LIBERTY INTERNATIONAL AIRPORT, NJ US","2025-04-25","0.00",,"79","55"
"USW00014734","NEWARK LIBERTY INTERNATIONAL AIRPORT, NJ US","2025-04-26","0.54",,"75","54"
"USW00014734","NEWARK LIBERTY INTERNATIONAL AIRPORT, NJ US","2025-04-27","0.00",,"64","49"
"USW00014734","NEWARK LIBERTY INTERNATIONAL AIRPORT, NJ US","2025-04-28","0.00",,"77","51"
"USW00014734","NEWARK LIBERTY INTERNATIONAL AIRPORT, NJ US","2025-04-29","0.00",,"83","52"
"USW00014734","NEWARK LIBERTY INTERNATIONAL AIRPORT, NJ US","2025-04-30","0.00",,"77","58"
"USW00014734","NEWARK LIBERTY INTERNATIONAL AIRPORT, NJ US","2025-05-01","0.00",,"69","51"
"USW00014734","NEWARK LIBERTY INTERNATIONAL AIRPORT, NJ US","2025-05-02","0.00",,"88","57"
"USW00014734","NEWARK LIBERTY INTERNATIONAL AIRPORT, NJ US","2025-05-03","0.27",,"88","63"
"USW00014734","NEWARK LIBERTY INTERNATIONAL AIRPORT, NJ US","2025-05-04","0.16",,"71","60"
"USW00014734","NEWARK LIBERTY INTERNATIONAL AIRPORT, NJ US","2025-05-05","0.36",,"65","59"
"USW00014734","NEWARK LIBERTY INTERNATIONAL AIRPORT, NJ US","2025-05-06","0.11",,"69","59"
"USW00014734","NEWARK LIBERTY INTERNATIONAL AIRPORT, NJ US","2025-05-07","0.00",,"78","57"
"USW00014734","NEWARK LIBERTY INTERNATIONAL AIRPORT, NJ US","2025-05-08","0.00",,"78","60"
"USW00014734","NEWARK LIBERTY INTERNATIONAL AIRPORT, NJ US","2025-05-09","0.28",,"60","52"
"USW00014734","NEWARK LIBERTY INTERNATIONAL AIRPORT, NJ US","2025-05-10","0.00",,"76","51"
"USW00014734","NEWARK LIBERTY INTERNATIONAL AIRPORT, NJ US","2025-05-11","0.00",,"81","54"
"USW00014734","NEWARK LIBERTY INTERNATIONAL AIRPORT, NJ US","2025-05-12","0.00",,"73","52"
"USW00014734","NEWARK LIBERTY INTERNATIONAL AIRPORT, NJ US","2025-05-13","0.23",,"73","62"
"USW00014734","NEWARK LIBERTY INTERNATIONAL AIRPORT, NJ US","2025-05-14","0.95",,"66","59"
"USW00014734","NEWARK LIBERTY INTERNATIONAL AIRPORT, NJ US","2025-05-15","0.00",,"73","61"
"USW00014734","NEWARK LIBERTY INTERNATIONAL AIRPORT, NJ US","2025-05-16","0.27",,"75","62"
"USW00014734","NEWARK LIBERTY INTERNATIONAL AIRPORT, NJ US","2025-05-17","0.00",,"87","65"
"USW00014734","NEWARK LIBERTY INTERNATIONAL AIRPORT, NJ US","2025-05-18","0.00",,"77","62"
"USW00014734","NEWARK LIBERTY INTERNATIONAL AIRPORT, NJ US","2025-05-19","0.00",,"73","52"
"USW00014734","NEWARK LIBERTY INTERNATIONAL AIRPORT, NJ US","2025-05-20","0.00",,"71","50"
"USW00014734","NEWARK LIBERTY INTERNATIONAL AIRPORT, NJ US","2025-05-21","0.18",,"59","50"
"USW00014734","NEWARK LIBERTY INTERNATIONAL AIRPORT, NJ US","2025-05-22","0.95",,"53","50"
"USW00014734","NEWARK LIBERTY INTERNATIONAL AIRPORT, NJ US","2025-05-23","0.06",,"67","48"
"USW00014734","NEWARK LIBERTY INTERNATIONAL AIRPORT, NJ US","2025-05-24","0.02",,"69","50"
"USW00014734","NEWARK LIBERTY INTERNATIONAL AIRPORT, NJ US","2025-05-25","0.00",,"71","50"
"USW00014734","NEWARK LIBERTY INTERNATIONAL AIRPORT, NJ US","2025-05-26","0.00",,"75","54"
"USW00014734","NEWARK LIBERTY INTERNATIONAL AIRPORT, NJ US","2025-05-27","0.00",,"76","56"
"USW00014734","NEWARK LIBERTY INTERNATIONAL AIRPORT, NJ US","2025-05-28","0.43",,"68","55"
"USW00014734","NEWARK LIBERTY INTERNATIONAL AIRPORT, NJ US","2025-05-29","0.08",,"71","57"
"USW00014734","NEWARK LIBERTY INTERNATIONAL AIRPORT, NJ US","2025-05-30","0.02",,"78","62"
"USW00014734","NEWARK LIBERTY INTERNATIONAL AIRPORT, NJ US","2025-05-31","0.44",,"73","54"
"USW00014734","NEWARK LIBERTY INTERNATIONAL AIRPORT, NJ US","2025-06-01","0.00",,"70","50"
"USW00014734","NEWARK LIBERTY INTERNATIONAL AIRPORT, NJ US","2025-06-02","0.00",,"75","50"
"USW00014734","NEWARK LIBERTY INTERNATIONAL AIRPORT, NJ US","2025-06-03","0.00",,"81","56"
"USW00014734","NEWARK LIBERTY INTERNATIONAL AIRPORT, NJ US","2025-06-04","0.00",,"86","60"
"USW00014734","NEWARK LIBERTY INTERNATIONAL AIRPORT, NJ US","2025-06-05","0.00",,"90","68"
"USW00014734","NEWARK LIBERTY INTERNATIONAL AIRPORT, NJ US","2025-06-06","0.00",,"86","70"
"USW00014734","NEWARK LIBERTY INTERNATIONAL AIRPORT, NJ US","2025-06-07","0.57",,"82","68"
"USW00014734","NEWARK LIBERTY INTERNATIONAL AIRPORT, NJ US","2025-06-08","0.00",,"76","65"
"USW00014734","NEWARK LIBERTY INTERNATIONAL AIRPORT, NJ US","2025-06-09","0.07",,"67","62"
"USW00014734","NEWARK LIBERTY INTERNATIONAL AIRPORT, NJ US","2025-06-10","0.32",,"79","64"
"USW00014734","NEWARK LIBERTY INTERNATIONAL AIRPORT, NJ US","2025-06-11","0.00",,"86","65"
"USW00014734","NEWARK LIBERTY INTERNATIONAL AIRPORT, NJ US","2025-06-12","0.00",,"92","69"
"USW00014734","NEWARK LIBERTY INTERNATIONAL AIRPORT, NJ US","2025-06-13","0.00",,"81","69"
"USW00014734","NEWARK LIBERTY INTERNATIONAL AIRPORT, NJ US","2025-06-14","0.31",,"71","61"
"USW00014734","NEWARK LIBERTY INTERNATIONAL AIRPORT, NJ US","2025-06-15","0.19",,"64","59"
"USW00014734","NEWARK LIBERTY INTERNATIONAL AIRPORT, NJ US","2025-06-16","0.13",,"70","62"
"USW00014734","NEWARK LIBERTY INTERNATIONAL AIRPORT, NJ US","2025-06-17","0.06",,"71","63"
"USW00014734","NEWARK LIBERTY INTERNATIONAL AIRPORT, NJ US","2025-06-18","0.02",,"86","66"
"USW00014734","NEWARK LIBERTY INTERNATIONAL AIRPORT, NJ US","2025-06-19","0.46",,"93","71"
"USW00014734","NEWARK LIBERTY INTERNATIONAL AIRPORT, NJ US","2025-06-20","0.00",,"87","68"
"USW00014734","NEWARK LIBERTY INTERNATIONAL AIRPORT, NJ US","2025-06-21","0.00",,"92","73"
"USW00014734","NEWARK LIBERTY INTERNATIONAL AIRPORT, NJ US","2025-06-22","0.06",,"92","74"
"USW00014734","NEWARK LIBERTY INTERNATIONAL AIRPORT, NJ US","2025-06-23","0.00",,"101","81"
"USW00014734","NEWARK LIBERTY INTERNATIONAL AIRPORT, NJ US","2025-06-24","0.00",,"103","82"
"USW00014734","NEWARK LIBERTY INTERNATIONAL AIRPORT, NJ US","2025-06-25","0.00",,"101","85"
"USW00014734","NEWARK LIBERTY INTERNATIONAL AIRPORT, NJ US","2025-06-26","0.02",,"86","69"
"USW00014734","NEWARK LIBERTY INTERNATIONAL AIRPORT, NJ US","2025-06-27","0.00",,"72","66"
"USW00014734","NEWARK LIBERTY INTERNATIONAL AIRPORT, NJ US","2025-06-28","0.05",,"89","64"
"USW00014734","NEWARK LIBERTY INTERNATIONAL AIRPORT, NJ US","2025-06-29","0.00",,"95","77"
"USW00014734","NEWARK LIBERTY INTERNATIONAL AIRPORT, NJ US","2025-06-30","0.03",,"93","72"
"USW00014734","NEWARK LIBERTY INTERNATIONAL AIRPORT, NJ US","2025-07-01","0.40",,"95","75"
"USW00014734","NEWARK LIBERTY INTERNATIONAL AIRPORT, NJ US","2025-07-02","0.01",,"91","73"
"USW00014734","NEWARK LIBERTY INTERNATIONAL AIRPORT, NJ US","2025-07-03","0.02",,"94","70"
"USW00014734","NEWARK LIBERTY INTERNATIONAL AIRPORT, NJ US","2025-07-04","0.00",,"87","65"
"USW00014734","NEWARK LIBERTY INTERNATIONAL AIRPORT, NJ US","2025-07-05","0.00",,"90","65"
"USW00014734","NEWARK LIBERTY INTERNATIONAL AIRPORT, NJ US","2025-07-06","0.00",,"95","72"
"USW00014734","NEWARK LIBERTY INTERNATIONAL AIRPORT, NJ US","2025-07-07","0.00",,"91","77"
"USW00014734","NEWARK LIBERTY INTERNATIONAL AIRPORT, NJ US","2025-07-08","0.09",,"100","75"
"USW00014734","NEWARK LIBERTY INTERNATIONAL AIRPORT, NJ US","2025-07-09","0.03",,"97","74"
"USW00014734","NEWARK LIBERTY INTERNATIONAL AIRPORT, NJ US","2025-07-10","0.02",,"86","72"
"USW00014734","NEWARK LIBERTY INTERNATIONAL AIRPORT, NJ US","2025-07-11","0.00",,"87","74"
"USW00014734","NEWARK LIBERTY INTERNATIONAL AIRPORT, NJ US","2025-07-12","0.00",,"88","76"
"USW00014734","NEWARK LIBERTY INTERNATIONAL AIRPORT, NJ US","2025-07-13","0.00",,"86","74"
"USW00014734","NEWARK LIBERTY INTERNATIONAL AIRPORT, NJ US","2025-07-14","2.13",,"88","73"
"USW00014734","NEWARK LIBERTY INTERNATIONAL AIRPORT, NJ US","2025-07-15","0.00",,"90","74"
"USW00014734","NEWARK LIBERTY INTERNATIONAL AIRPORT, NJ US","2025-07-16","0.00",,"92","77"
"USW00014734","NEWARK LIBERTY INTERNATIONAL AIRPORT, NJ US","2025-07-17","0.00",,"96","77"
"USW00014734","NEWARK LIBERTY INTERNATIONAL AIRPORT, NJ US","2025-07-18","0.00",,"87","76"
"USW00014734","NEWARK LIBERTY INTERNATIONAL AIRPORT, NJ US","2025-07-19","0.00",,"83","71"
"USW00014734","NEWARK LIBERTY INTERNATIONAL AIRPORT, NJ US","2025-07-20","0.00",,"94","77"
"USW00014734","NEWARK LIBERTY INTERNATIONAL AIRPORT, NJ US","2025-07-21","0.00",,"90","72"
"USW00014734","NEWARK LIBERTY INTERNATIONAL AIRPORT, NJ US","2025-07-22","0.00",,"80","67"
"USW00014734","NEWARK LIBERTY INTERNATIONAL AIRPORT, NJ US","2025-07-23","0.00",,"84","68"
"USW00014734","NEWARK LIBERTY INTERNATIONAL AIRPORT, NJ US","2025-07-24","0.00",,"92","68"
"USW00014734","NEWARK LIBERTY INTERNATIONAL AIRPORT, NJ US","2025-07-25","0.51",,"100","75"
"USW00014734","NEWARK LIBERTY INTERNATIONAL AIRPORT, NJ US","2025-07-26","0.00",,"85","76"
"USW00014734","NEWARK LIBERTY INTERNATIONAL AIRPORT, NJ US","2025-07-27","0.01",,"90","71"
"USW00014734","NEWARK LIBERTY INTERNATIONAL AIRPORT, NJ US","2025-07-28","0.00",,"97","77"
"USW00014734","NEWARK LIBERTY INTERNATIONAL AIRPORT, NJ US","2025-07-29","0.00",,"101","77"
"USW00014734","NEWARK LIBERTY INTERNATIONAL AIRPORT, NJ US","2025-07-30","0.00",,"100","80"
"USW00014734","NEWARK LIBERTY INTERNATIONAL AIRPORT, NJ US","2025-07-31","0.82",,"91","67"
"USW00014734","NEWARK LIBERTY INTERNATIONAL AIRPORT, NJ US","2025-08-01","0.00",,"75","63"
"USW00014734","NEWARK LIBERTY INTERNATIONAL AIRPORT, NJ US","2025-08-02","0.00",,"83","62"
"USW00014734","NEWARK LIBERTY INTERNATIONAL AIRPORT, NJ US","2025-08-03","0.00",,"85","63"
"USW00014734","NEWARK LIBERTY INTERNATIONAL AIRPORT, NJ US","2025-08-04","0.00",,"90","65"
"USW00014734","NEWARK LIBERTY INTERNATIONAL AIRPORT, NJ US","2025-08-05","0.00",,"87","70"
"USW00014734","NEWARK LIBERTY INTERNATIONAL AIRPORT, NJ US","2025-08-06","0.00",,"80","71"
"USW00014734","NEWARK LIBERTY INTERNATIONAL AIRPORT, NJ US","2025-08-07","0.00",,"81","67"
"USW00014734","NEWARK LIBERTY INTERNATIONAL AIRPORT, NJ US","2025-08-08","0.00",,"82","62"
"USW00014734","NEWARK LIBERTY INTERNATIONAL AIRPORT, NJ US","2025-08-09","0.00",,"86","61"
"USW00014734","NEWARK LIBERTY INTERNATIONAL AIRPORT, NJ US","2025-08-10","0.00",,"91","63"
"USW00014734","NEWARK LIBERTY INTERNATIONAL AIRPORT, NJ US","2025-08-11","0.00",,"91","66"
"USW00014734","NEWARK LIBERTY INTERNATIONAL AIRPORT, NJ US","2025-08-12","0.00",,"92","68"
"USW00014734","NEWARK LIBERTY INTERNATIONAL AIRPORT, NJ US","2025-08-13","1.26",,"93","73"
"USW00014734","NEWARK LIBERTY INTERNATIONAL AIRPORT, NJ US","2025-08-14","0.00",,"91","74"
"USW00014734","NEWARK LIBERTY INTERNATIONAL AIRPORT, NJ US","2025-08-15","0.00",,"90","75"
"USW00014734","NEWARK LIBERTY INTERNATIONAL AIRPORT, NJ US","2025-08-16","0.00",,"84","75"
"USW00014734","NEWARK LIBERTY INTERNATIONAL AIRPORT, NJ US","2025-08-17","0.26",,"96","73"
"USW00014734","NEWARK LIBERTY INTERNATIONAL AIRPORT, NJ US","2025-08-18","0.00",,"78","66"
"USW00014734","NEWARK LIBERTY INTERNATIONAL AIRPORT, NJ US","2025-08-19","0.00",,"76","68"
"USW00014734","NEWARK LIBERTY INTERNATIONAL AIRPORT, NJ US","2025-08-20","0.53",,"71","60"
"USW00014734","NEWARK LIBERTY INTERNATIONAL AIRPORT, NJ US","2025-08-21","0.15",,"75","60"
"USW00014734","NEWARK LIBERTY INTERNATIONAL AIRPORT, NJ US","2025-08-22","0.00",,"85","60"
"USW00014734","NEWARK LIBERTY INTERNATIONAL AIRPORT, NJ US","2025-08-23","0.00",,"84","62"
"USW00014734","NEWARK LIBERTY INTERNATIONAL AIRPORT, NJ US","2025-08-24","0.00",,"82","66"
"USW00014734","NEWARK LIBERTY INTERNATIONAL AIRPORT, NJ US","2025-08-25","0.00",,"88","70"
"USW00014734","NEWARK LIBERTY INTERNATIONAL AIRPORT, NJ US","2025-08-26","0.00",,"83","65"
"USW00014734","NEWARK LIBERTY INTERNATIONAL AIRPORT, NJ US","2025-08-27","0.00",,"79","61"
"USW00014734","NEWARK LIBERTY INTERNATIONAL AIRPORT, NJ US","2025-08-28","0.00",,"80","57"
"USW00014734","NEWARK LIBERTY INTERNATIONAL AIRPORT, NJ US","2025-08-29","0.00",,"81","61"
"USW00014734","NEWARK LIBERTY INTERNATIONAL AIRPORT, NJ US","2025-08-30","0.00",,"79","57"
"USW00014734","NEWARK LIBERTY INTERNATIONAL AIRPORT, NJ US","2025-08-31","0.00",,"81","59"
"USW00014734","NEWARK LIBERTY INTERNATIONAL AIRPORT, NJ US","2025-09-01","0.00",,"81","60"
"USW00014734","NEWARK LIBERTY INTERNATIONAL AIRPORT, NJ US","2025-09-02","0.00",,"79","61"
"USW00014734","NEWARK LIBERTY INTERNATIONAL AIRPORT, NJ US","2025-09-03","0.00",,"79","61"
"USW00014734","NEWARK LIBERTY INTERNATIONAL AIRPORT, NJ US","2025-09-04","0.34",,"80","63"
"USW00014734","NEWARK LIBERTY INTERNATIONAL AIRPORT, NJ US","2025-09-05","0.02",,"88","67"
"USW00014734","NEWARK LIBERTY INTERNATIONAL AIRPORT, NJ US","2025-09-06","0.28",,"90","67"
"USW00014734","NEWARK LIBERTY INTERNATIONAL AIRPORT, NJ US","2025-09-07","0.61",,"72","62"
"USW00014734","NEWARK LIBERTY INTERNATIONAL AIRPORT, NJ US","2025-09-08","0.00",,"76","55"
"USW00014734","NEWARK LIBERTY INTERNATIONAL AIRPORT, NJ US","2025-09-09","0.00",,"75","56"
"USW00014734","NEWARK LIBERTY INTERNATIONAL AIRPORT, NJ US","2025-09-10","0.00",,"74","61"
"USW00014734","NEWARK LIBERTY INTERNATIONAL AIRPORT, NJ US","2025-09-11","0.00",,"82","60"
"USW00014734","NEWARK LIBERTY INTERNATIONAL AIRPORT, NJ US","2025-09-12","0.00",,"81","61"
"USW00014734","NEWARK LIBERTY INTERNATIONAL AIRPORT, NJ US","2025-09-13","0.00",,"79","62"
"USW00014734","NEWARK LIBERTY INTERNATIONAL AIRPORT, NJ US","2025-09-14","0.00",,"83","62"
"USW00014734","NEWARK LIBERTY INTERNATIONAL AIRPORT, NJ US","2025-09-15","0.00",,"83","65"
"USW00014734","NEWARK LIBERTY INTERNATIONAL AIRPORT, NJ US","2025-09-16","0.00",,"77","65"
"USW00014734","NEWARK LIBERTY INTERNATIONAL AIRPORT, NJ US","2025-09-17","0.22",,"70","63"
"USW00014734","NEWARK LIBERTY INTERNATIONAL AIRPORT, NJ US","2025-09-18","0.00",,"87","67"
"USW00014734","NEWARK LIBERTY INTERNATIONAL AIRPORT, NJ US","2025-09-19","0.00",,"86","66"
"USW00014734","NEWARK LIBERTY INTERNATIONAL AIRPORT, NJ US","2025-09-20","0.00",,"75","60"
"USW00014734","NEWARK LIBERTY INTERNATIONAL AIRPORT, NJ US","2025-09-21","0.00",,"73","58"
"USW00014734","NEWARK LIBERTY INTERNATIONAL AIRPORT, NJ US","2025-09-22","0.00",,"73","55"
"USW00014734","NEWARK LIBERTY INTERNATIONAL AIRPORT, NJ US","2025-09-23","0.00",,"88","64"
"USW00014734","NEWARK LIBERTY INTERNATIONAL AIRPORT, NJ US","2025-09-24","0.08",,"81","70"
"USW00014734","NEWARK LIBERTY INTERNATIONAL AIRPORT, NJ US","2025-09-25","0.09",,"81","71"
"USW00014734","NEWARK LIBERTY INTERNATIONAL AIRPORT, NJ US","2025-09-26","0.00",,"86","67"
"USW00014734","NEWARK LIBERTY INTERNATIONAL AIRPORT, NJ US","2025-09-27","0.00",,"80","64"
"USW00014734","NEWARK LIBERTY INTERNATIONAL AIRPORT, NJ US","2025-09-28","0.07",,"89","65"
"USW00014734","NEWARK LIBERTY INTERNATIONAL AIRPORT, NJ US","2025-09-29","0.00",,"80","66"
"USW00014734","NEWARK LIBERTY INTERNATIONAL AIRPORT, NJ US","2025-09-30","0.00",,"83","64"
"USW00014734","NEWARK LIBERTY INTERNATIONAL AIRPORT, NJ US","2025-10-01","0.00",,"73","56"
"USW00014734","NEWARK LIBERTY INTERNATIONAL AIRPORT, NJ US","2025-10-02","0.00",,"68","52"
"USW00014734","NEWARK LIBERTY INTERNATIONAL AIRPORT, NJ US","2025-10-03","0.00",,"75","51"
"USW00014734","NEWARK LIBERTY INTERNATIONAL AIRPORT, NJ US","2025-10-04","0.00",,"87","52"
"USW00014734","NEWARK LIBERTY INTERNATIONAL AIRPORT, NJ US","2025-10-05","0.00",,"87","61"
"USW00014734","NEWARK LIBERTY INTERNATIONAL AIRPORT, NJ US","2025-10-06","0.00",,"83","59"
"USW00014734","NEWARK LIBERTY INTERNATIONAL AIRPORT, NJ US","2025-10-07","0.00",,"83","64"
"USW00014734","NEWARK LIBERTY INTERNATIONAL AIRPORT, NJ US","2025-10-08","0.12",,"74","57"
"USW00014734","NEWARK LIBERTY INTERNATIONAL AIRPORT, NJ US","2025-10-09","0.00",,"62","46"
"USW00014734","NEWARK LIBERTY INTERNATIONAL AIRPORT, NJ US","2025-10-10","0.00",,"64","41"
"USW00014734","NEWARK LIBERTY INTERNATIONAL AIRPORT, NJ US","2025-10-11","0.14",,"67","57"
"USW00014734","NEWARK LIBERTY INTERNATIONAL AIRPORT, NJ US","2025-10-12","0.50",,"65","56"
"USW00014734","NEWARK LIBERTY INTERNATIONAL AIRPORT, NJ US","2025-10-13","0.50",,"59","54"
"USW00014734","NEWARK LIBERTY INTERNATIONAL AIRPORT, NJ US","2025-10-14","0.00",,"65","54"
"USW00014734","NEWARK LIBERTY INTERNATIONAL AIRPORT, NJ US","2025-10-15","0.00",,"72","54"
"USW00014734","NEWARK LIBERTY INTERNATIONAL AIRPORT, NJ US","2025-10-16","0.00",,"65","47"
"USW00014734","NEWARK LIBERTY INTERNATIONAL AIRPORT, NJ US","2025-10-17","0.00",,"67","48"
"USW00014734","NEWARK LIBERTY INTERNATIONAL AIRPORT, NJ US","2025-10-18","0.00",,"68","47"
"USW00014734","NEWARK LIBERTY INTERNATIONAL AIRPORT, NJ US","2025-10-19","0.00",,"73","52"
"USW00014734","NEWARK LIBERTY INTERNATIONAL AIRPORT, NJ US","2025-10-20","0.18",,"70","53"
"USW00014734","NEWARK LIBERTY INTERNATIONAL AIRPORT, NJ US","2025-10-21","0.06",,"71","48"
"USW00014734","NEWARK LIBERTY INTERNATIONAL AIRPORT, NJ US","2025-10-22","0.32",,"66","51"
"USW00014734","NEWARK LIBERTY INTERNATIONAL AIRPORT, NJ US","2025-10-23","0.00",,"63","44"
"USW00014734","NEWARK LIBERTY INTERNATIONAL AIRPORT, NJ US","2025-10-24","0.00",,"63","42"
"USW00014734","NEWARK LIBERTY INTERNATIONAL AIRPORT, NJ US","2025-10-25","0.00",,"62","45"
"USW00014734","NEWARK LIBERTY INTERNATIONAL AIRPORT, NJ US","2025-10-26","0.00",,"63","44"
"USW00014734","NEWARK LIBERTY INTERNATIONAL AIRPORT, NJ US","2025-10-27","0.00",,"59","40"
"USW00014734","NEWARK LIBERTY INTERNATIONAL AIRPORT, NJ US","2025-10-28","0.00",,"55","42"
"USW00014734","NEWARK LIBERTY INTERNATIONAL AIRPORT, NJ US","2025-10-29","0.04",,"57","49"
"USW00014734","NEWARK LIBERTY INTERNATIONAL AIRPORT, NJ US","2025-10-30","2.04",,"64","50"
"USW00014734","NEWARK LIBERTY INTERNATIONAL AIRPORT, NJ US","2025-10-31","0.00",,"60","51"
"USW00014734","NEWARK LIBERTY INTERNATIONAL AIRPORT, NJ US","2025-11-01","0.00",,"61","46"
"USW00014734","NEWARK LIBERTY INTERNATIONAL AIRPORT, NJ US","2025-11-02","0.00",,"63","40"
"USW00014734","NEWARK LIBERTY INTERNATIONAL AIRPORT, NJ US","2025-11-03","0.00",,"60","48"
"USW00014734","NEWARK LIBERTY INTERNATIONAL AIRPORT, NJ US","2025-11-04","0.00",,"63","45"
"USW00014734","NEWARK LIBERTY INTERNATIONAL AIRPORT, NJ US","2025-11-05","0.00",,"70","41"
"USW00014734","NEWARK LIBERTY INTERNATIONAL AIRPORT, NJ US","2025-11-06","0.00",,"58","42"
"USW00014734","NEWARK LIBERTY INTERNATIONAL AIRPORT, NJ US","2025-11-07","0.00",,"63","35"
"USW00014734","NEWARK LIBERTY INTERNATIONAL AIRPORT, NJ US","2025-11-08","0.09",,"69","53"
"USW00014734","NEWARK LIBERTY INTERNATIONAL AIRPORT, NJ US","2025-11-09","0.10",,"62","48"
"USW00014734","NEWARK LIBERTY INTERNATIONAL AIRPORT, NJ US","2025-11-10","0.28",,"60","36"
"USW00014734","NEWARK LIBERTY INTERNATIONAL AIRPORT, NJ US","2025-11-11","0.00",,"42","33"
"USW00014734","NEWARK LIBERTY INTERNATIONAL AIRPORT, NJ US","2025-11-12","0.00",,"51","39"
"USW00014734","NEWARK LIBERTY INTERNATIONAL AIRPORT, NJ US","2025-11-13","0.00",,"55","42"
"USW00014734","NEWARK LIBERTY INTERNATIONAL AIRPORT, NJ US","2025-11-14","0.00",,"55","39"
"USW00014734","NEWARK LIBERTY INTERNATIONAL AIRPORT, NJ US","2025-11-15","0.04",,"52","38"
"USW00014734","NEWARK LIBERTY INTERNATIONAL AIRPORT, NJ US","2025-11-16","0.05",,"59","41"
"USW00014734","NEWARK LIBERTY INTERNATIONAL AIRPORT, NJ US","2025-11-17","0.00",,"48","37"
"USW00014734","NEWARK LIBERTY INTERNATIONAL AIRPORT, NJ US","2025-11-18","0.00",,"49","34"
"USW00014734","NEWARK LIBERTY INTERNATIONAL AIRPORT, NJ US","2025-11-19","0.26",,"49","38"
"USW00014734","NEWARK LIBERTY INTERNATIONAL AIRPORT, NJ US","2025-11-20","0.00",,"49","33"
"USW00014734","NEWARK LIBERTY INTERNATIONAL AIRPORT, NJ US","2025-11-21","0.00",,"54","44"
"USW00014734","NEWARK LIBERTY INTERNATIONAL AIRPORT, NJ US","2025-11-22","0.17",,"54","40"
"USW00014734","NEWARK LIBERTY INTERNATIONAL AIRPORT, NJ US","2025-11-23","0.00",,"50","31"
"USW00014734","NEWARK LIBERTY INTERNATIONAL AIRPORT, NJ US","2025-11-24","0.00",,"56","42"
"USW00014734","NEWARK LIBERTY INTERNATIONAL AIRPORT, NJ US","2025-11-25","0.72",,"59","41"
"USW00014734","NEWARK LIBERTY INTERNATIONAL AIRPORT, NJ US","2025-11-26","0.14",,"61","48"
"USW00014734","NEWARK LIBERTY INTERNATIONAL AIRPORT, NJ US","2025-11-27","0.00",,"48","35"
"USW00014734","NEWARK LIBERTY INTERNATIONAL AIRPORT, NJ US","2025-11-28","0.00",,"45","31"
"USW00014734","NEWARK LIBERTY INTERNATIONAL AIRPORT, NJ US","2025-11-29","0.00",,"46","30"
"USW00014734","NEWARK LIBERTY INTERNATIONAL AIRPORT, NJ US","2025-11-30","0.04",,"45","36"
"USW00014734","NEWARK LIBERTY INTERNATIONAL AIRPORT, NJ US","2025-12-01","0.00",,"45","29"
"USW00014734","NEWARK LIBERTY INTERNATIONAL AIRPORT, NJ US","2025-12-02","0.71",,"41","29"
"USW00014734","NEWARK LIBERTY INTERNATIONAL AIRPORT, NJ US","2025-12-03","0.00",,"44","31"
"USW00014734","NEWARK LIBERTY INTERNATIONAL AIRPORT, NJ US","2025-12-04","0.00",,"44","24"
"USW00014734","NEWARK LIBERTY INTERNATIONAL AIRPORT, NJ US","2025-12-05","0.00",,"31","20"
"USW00014734","NEWARK LIBERTY INTERNATIONAL AIRPORT, NJ US","2025-12-06","0.02",,"44","31"
"USW00014734","NEWARK LIBERTY INTERNATIONAL AIRPORT, NJ US","2025-12-07","0.00",,"44","27"
"USW00014734","NEWARK LIBERTY INTERNATIONAL AIRPORT, NJ US","2025-12-08","0.00",,"38","21"
"USW00014734","NEWARK LIBERTY INTERNATIONAL AIRPORT, NJ US","2025-12-09","0.00",,"34","15"
"USW00014734","NEWARK LIBERTY INTERNATIONAL AIRPORT, NJ US","2025-12-10","0.09",,"47","30"
"USW00014734","NEWARK LIBERTY INTERNATIONAL AIRPORT, NJ US","2025-12-11","0.00",,"39","28"
"USW00014734","NEWARK LIBERTY INTERNATIONAL AIRPORT, NJ US","2025-12-12","0.00",,"37","24"
"USW00014734","NEWARK LIBERTY INTERNATIONAL AIRPORT, NJ US","2025-12-13","0.02",,"43","22"
"USW00014734","NEWARK LIBERTY INTERNATIONAL AIRPORT, NJ US","2025-12-14","0.50",,"33","21"
"USW00014734","NEWARK LIBERTY INTERNATIONAL AIRPORT, NJ US","2025-12-15","0.00",,"31","19"
"USW00014734","NEWARK LIBERTY INTERNATIONAL AIRPORT, NJ US","2025-12-16","0.00",,"32","20"
"USW00014734","NEWARK LIBERTY INTERNATIONAL AIRPORT, NJ US","2025-12-17","0.00",,"46","22"
"USW00014734","NEWARK LIBERTY INTERNATIONAL AIRPORT, NJ US","2025-12-18","0.02",,"51","31"
"USW00014734","NEWARK LIBERTY INTERNATIONAL AIRPORT, NJ US","2025-12-19","1.08",,"59","32"
"USW00014734","NEWARK LIBERTY INTERNATIONAL AIRPORT, NJ US","2025-12-20","0.00",,"40","27"
"USW00014734","NEWARK LIBERTY INTERNATIONAL AIRPORT, NJ US","2025-12-21","0.00",,"47","28"
"USW00014734","NEWARK LIBERTY INTERNATIONAL AIRPORT, NJ US","2025-12-22","0.00",,"41","22"
"USW00014734","NEWARK LIBERTY INTERNATIONAL AIRPORT, NJ US","2025-12-23","0.12",,"40","34"
"USW00014734","NEWARK LIBERTY INTERNATIONAL AIRPORT, NJ US","2025-12-24","0.00",,"49","34"
"USW00014734","NEWARK LIBERTY INTERNATIONAL AIRPORT, NJ US","2025-12-25","0.00",,"51","29"
"USW00014734","NEWARK LIBERTY INTERNATIONAL AIRPORT, NJ US","2025-12-26","0.29",,"29","21"
"USW00014734","NEWARK LIBERTY INTERNATIONAL AIRPORT, NJ US","2025-12-27","0.17",,"31","21"
"USW00014734","NEWARK LIBERTY INTERNATIONAL AIRPORT, NJ US","2025-12-28","0.02",,"36","19"
"USW00014734","NEWARK LIBERTY INTERNATIONAL AIRPORT, NJ US","2025-12-29","0.09",,"47","32"
"USW00014734","NEWARK LIBERTY INTERNATIONAL AIRPORT, NJ US","2025-12-30","0.00",,"36","27"
"USW00014734","NEWARK LIBERTY INTERNATIONAL AIRPORT, NJ US","2025-12-31","0.00",,"35","26"
